{"execution": [{"timestamp": "2024-05-25 20:36:35", "capture": {"CLORALEN-650ML": ["{\"x_1\": 841, \"y_1\": 49, \"x_2\": 919, \"y_2\": 217, \"aisle\": 1, \"shelf\": 1, \"conf\": 0.34506842494010925}", "{\"x_1\": 841, \"y_1\": 49, \"x_2\": 919, \"y_2\": 217, \"aisle\": 1, \"shelf\": 1, \"conf\": 0.34506842494010925}", "{\"x_1\": 841, \"y_1\": 49, \"x_2\": 920, \"y_2\": 217, \"aisle\": 1, \"shelf\": 1, \"conf\": 0.3619181215763092}", "{\"x_1\": 841, \"y_1\": 49, \"x_2\": 919, \"y_2\": 217, \"aisle\": 1, \"shelf\": 1, \"conf\": 0.3947914242744446}", "{\"x_1\": 841, \"y_1\": 49, \"x_2\": 920, \"y_2\": 217, \"aisle\": 1, \"shelf\": 1, \"conf\": 0.37641894817352295}", "{\"x_1\": 840, \"y_1\": 49, \"x_2\": 920, \"y_2\": 217, \"aisle\": 1, \"shelf\": 1, \"conf\": 0.36084914207458496}", "{\"x_1\": 841, \"y_1\": 49, \"x_2\": 919, \"y_2\": 216, \"aisle\": 1, \"shelf\": 1, \"conf\": 0.32375434041023254}", "{\"x_1\": 841, \"y_1\": 49, \"x_2\": 919, \"y_2\": 217, \"aisle\": 1, \"shelf\": 1, \"conf\": 0.3577399253845215}", "{\"x_1\": 842, \"y_1\": 49, \"x_2\": 919, \"y_2\": 216, \"aisle\": 1, \"shelf\": 1, \"conf\": 0.2721962332725525}", "{\"x_1\": 842, \"y_1\": 49, \"x_2\": 920, \"y_2\": 217, \"aisle\": 1, \"shelf\": 1, \"conf\": 0.2925994396209717}", "{\"x_1\": 841, \"y_1\": 49, \"x_2\": 919, \"y_2\": 216, \"aisle\": 1, \"shelf\": 1, \"conf\": 0.4340081810951233}", "{\"x_1\": 841, \"y_1\": 49, \"x_2\": 920, \"y_2\": 216, \"aisle\": 1, \"shelf\": 1, \"conf\": 0.4022866189479828}", "{\"x_1\": 841, \"y_1\": 49, \"x_2\": 919, \"y_2\": 216, \"aisle\": 1, \"shelf\": 1, \"conf\": 0.3905349671840668}", "{\"x_1\": 841, \"y_1\": 49, \"x_2\": 919, \"y_2\": 217, \"aisle\": 1, \"shelf\": 1, \"conf\": 0.3311881721019745}", "{\"x_1\": 840, \"y_1\": 49, \"x_2\": 920, \"y_2\": 217, \"aisle\": 1, \"shelf\": 1, \"conf\": 0.31534916162490845}", "{\"x_1\": 841, \"y_1\": 49, \"x_2\": 919, \"y_2\": 216, \"aisle\": 1, \"shelf\": 1, \"conf\": 0.313172310590744}", "{\"x_1\": 842, \"y_1\": 49, \"x_2\": 919, \"y_2\": 216, \"aisle\": 1, \"shelf\": 1, \"conf\": 0.2838069796562195}", "{\"x_1\": 841, \"y_1\": 49, \"x_2\": 919, \"y_2\": 216, \"aisle\": 1, \"shelf\": 1, \"conf\": 0.31429487466812134}", "{\"x_1\": 841, \"y_1\": 49, \"x_2\": 920, \"y_2\": 217, \"aisle\": 1, \"shelf\": 1, \"conf\": 0.32398971915245056}", "{\"x_1\": 841, \"y_1\": 49, \"x_2\": 919, \"y_2\": 216, \"aisle\": 1, \"shelf\": 1, \"conf\": 0.4442828595638275}", "{\"x_1\": 842, \"y_1\": 50, \"x_2\": 921, \"y_2\": 215, \"aisle\": 1, \"shelf\": 1, \"conf\": 0.7902402281761169}", "{\"x_1\": 842, \"y_1\": 51, \"x_2\": 920, \"y_2\": 215, \"aisle\": 1, \"shelf\": 1, \"conf\": 0.8045632243156433}", "{\"x_1\": 844, \"y_1\": 63, \"x_2\": 918, \"y_2\": 216, \"aisle\": 1, \"shelf\": 1, \"conf\": 0.7943111658096313}"], "LYSOL-SPRAY-19-OZ": ["{\"x_1\": 1060, \"y_1\": 191, \"x_2\": 1132, \"y_2\": 400, \"aisle\": 1, \"shelf\": 4, \"conf\": 0.828091561794281}", "{\"x_1\": 1060, \"y_1\": 191, \"x_2\": 1132, \"y_2\": 400, \"aisle\": 1, \"shelf\": 4, \"conf\": 0.828091561794281}", "{\"x_1\": 1062, \"y_1\": 190, \"x_2\": 1130, \"y_2\": 399, \"aisle\": 1, \"shelf\": 4, \"conf\": 0.7960892915725708}", "{\"x_1\": 1061, \"y_1\": 191, \"x_2\": 1131, \"y_2\": 399, \"aisle\": 1, \"shelf\": 4, \"conf\": 0.7986438870429993}", "{\"x_1\": 1062, \"y_1\": 190, \"x_2\": 1132, \"y_2\": 399, \"aisle\": 1, \"shelf\": 4, \"conf\": 0.7950073480606079}", "{\"x_1\": 1062, \"y_1\": 191, \"x_2\": 1130, \"y_2\": 399, \"aisle\": 1, \"shelf\": 4, \"conf\": 0.8289040923118591}", "{\"x_1\": 1061, \"y_1\": 191, \"x_2\": 1132, \"y_2\": 400, \"aisle\": 1, \"shelf\": 4, \"conf\": 0.8053746223449707}", "{\"x_1\": 1062, \"y_1\": 190, \"x_2\": 1131, \"y_2\": 399, \"aisle\": 1, \"shelf\": 4, \"conf\": 0.8213518857955933}", "{\"x_1\": 1061, \"y_1\": 191, \"x_2\": 1131, \"y_2\": 400, \"aisle\": 1, \"shelf\": 4, \"conf\": 0.803711473941803}", "{\"x_1\": 1061, \"y_1\": 191, \"x_2\": 1130, \"y_2\": 399, \"aisle\": 1, \"shelf\": 4, \"conf\": 0.8155405521392822}", "{\"x_1\": 1061, \"y_1\": 192, \"x_2\": 1132, \"y_2\": 400, \"aisle\": 1, \"shelf\": 4, \"conf\": 0.8074946999549866}", "{\"x_1\": 1060, \"y_1\": 190, \"x_2\": 1131, \"y_2\": 401, \"aisle\": 1, \"shelf\": 4, \"conf\": 0.8202745318412781}", "{\"x_1\": 1062, \"y_1\": 190, \"x_2\": 1130, \"y_2\": 399, \"aisle\": 1, \"shelf\": 4, \"conf\": 0.8012064695358276}", "{\"x_1\": 1059, \"y_1\": 189, \"x_2\": 1131, \"y_2\": 399, \"aisle\": 1, \"shelf\": 4, \"conf\": 0.8499718904495239}", "{\"x_1\": 1059, \"y_1\": 189, \"x_2\": 1131, \"y_2\": 399, \"aisle\": 1, \"shelf\": 4, \"conf\": 0.8499718904495239}", "{\"x_1\": 1059, \"y_1\": 188, \"x_2\": 1131, \"y_2\": 399, \"aisle\": 1, \"shelf\": 4, \"conf\": 0.8632130026817322}", "{\"x_1\": 1059, \"y_1\": 188, \"x_2\": 1131, \"y_2\": 399, \"aisle\": 1, \"shelf\": 4, \"conf\": 0.8632130026817322}", "{\"x_1\": 1059, \"y_1\": 188, \"x_2\": 1131, \"y_2\": 400, \"aisle\": 1, \"shelf\": 4, \"conf\": 0.8581430912017822}", "{\"x_1\": 1059, \"y_1\": 189, \"x_2\": 1131, \"y_2\": 399, \"aisle\": 1, \"shelf\": 4, \"conf\": 0.8527990579605103}", "{\"x_1\": 1059, \"y_1\": 189, \"x_2\": 1132, \"y_2\": 398, \"aisle\": 1, \"shelf\": 4, \"conf\": 0.8544337749481201}", "{\"x_1\": 1059, \"y_1\": 189, \"x_2\": 1131, \"y_2\": 399, \"aisle\": 1, \"shelf\": 4, \"conf\": 0.8551750779151917}", "{\"x_1\": 1059, \"y_1\": 190, \"x_2\": 1131, \"y_2\": 399, \"aisle\": 1, \"shelf\": 4, \"conf\": 0.8495593070983887}", "{\"x_1\": 1059, \"y_1\": 189, \"x_2\": 1131, \"y_2\": 400, \"aisle\": 1, \"shelf\": 4, \"conf\": 0.8606619834899902}", "{\"x_1\": 1058, \"y_1\": 188, \"x_2\": 1131, \"y_2\": 399, \"aisle\": 1, \"shelf\": 4, \"conf\": 0.8528605699539185}", "{\"x_1\": 1059, \"y_1\": 189, \"x_2\": 1132, \"y_2\": 400, \"aisle\": 1, \"shelf\": 4, \"conf\": 0.8592557311058044}", "{\"x_1\": 1059, \"y_1\": 188, \"x_2\": 1132, \"y_2\": 400, \"aisle\": 1, \"shelf\": 4, \"conf\": 0.851044237613678}", "{\"x_1\": 1059, \"y_1\": 190, \"x_2\": 1131, \"y_2\": 399, \"aisle\": 1, \"shelf\": 4, \"conf\": 0.8470834493637085}", "{\"x_1\": 1059, \"y_1\": 189, \"x_2\": 1131, \"y_2\": 399, \"aisle\": 1, \"shelf\": 4, \"conf\": 0.8565236926078796}", "{\"x_1\": 1059, \"y_1\": 189, \"x_2\": 1131, \"y_2\": 398, \"aisle\": 1, \"shelf\": 4, \"conf\": 0.846896231174469}", "{\"x_1\": 1059, \"y_1\": 189, \"x_2\": 1131, \"y_2\": 399, \"aisle\": 1, \"shelf\": 4, \"conf\": 0.8604198098182678}", "{\"x_1\": 1059, \"y_1\": 189, \"x_2\": 1131, \"y_2\": 399, \"aisle\": 1, \"shelf\": 4, \"conf\": 0.8610138297080994}", "{\"x_1\": 1059, \"y_1\": 188, \"x_2\": 1132, \"y_2\": 400, \"aisle\": 1, \"shelf\": 4, \"conf\": 0.8581148982048035}", "{\"x_1\": 1059, \"y_1\": 189, \"x_2\": 1131, \"y_2\": 399, \"aisle\": 1, \"shelf\": 4, \"conf\": 0.8576619625091553}", "{\"x_1\": 1059, \"y_1\": 189, \"x_2\": 1131, \"y_2\": 399, \"aisle\": 1, \"shelf\": 4, \"conf\": 0.8576619625091553}", "{\"x_1\": 992, \"y_1\": 146, \"x_2\": 1073, \"y_2\": 431, \"aisle\": 1, \"shelf\": 4, \"conf\": 0.8780622482299805}", "{\"x_1\": 992, \"y_1\": 146, \"x_2\": 1073, \"y_2\": 431, \"aisle\": 1, \"shelf\": 4, \"conf\": 0.8780622482299805}", "{\"x_1\": 992, \"y_1\": 146, \"x_2\": 1074, \"y_2\": 431, \"aisle\": 1, \"shelf\": 4, \"conf\": 0.8783148527145386}", "{\"x_1\": 991, \"y_1\": 145, \"x_2\": 1074, \"y_2\": 431, \"aisle\": 1, \"shelf\": 4, \"conf\": 0.8806754350662231}", "{\"x_1\": 992, \"y_1\": 145, \"x_2\": 1074, \"y_2\": 432, \"aisle\": 1, \"shelf\": 4, \"conf\": 0.8827176690101624}", "{\"x_1\": 991, \"y_1\": 145, \"x_2\": 1073, \"y_2\": 431, \"aisle\": 1, \"shelf\": 4, \"conf\": 0.8813704252243042}", "{\"x_1\": 992, \"y_1\": 145, \"x_2\": 1073, \"y_2\": 432, \"aisle\": 1, \"shelf\": 4, \"conf\": 0.8751934170722961}", "{\"x_1\": 991, \"y_1\": 145, \"x_2\": 1073, \"y_2\": 432, \"aisle\": 1, \"shelf\": 4, \"conf\": 0.8852261304855347}", "{\"x_1\": 992, \"y_1\": 145, \"x_2\": 1073, \"y_2\": 432, \"aisle\": 1, \"shelf\": 4, \"conf\": 0.8713890314102173}", "{\"x_1\": 992, \"y_1\": 145, \"x_2\": 1074, 